54|49830507725|Benedetta|Underwood
55|52810345545|Roxie|White
58|48810670983|Melba|Strickland
62|52910154384|Lonni|Underwood
63|01850695260|Lena|Ross
64|58830189783|Mirna|Herbert
65|88890516311|Rowan|Ayers
67|68910528713|Gayelord|Lambert
68|43870678593|Barnabas|Ross
73|87830224819|Eldredge|Decker
74|60850422421|Manya|Lim
75|94900282189|Winnah|Nixon
76|75870583908|Clarissa|Francis
79|76870025973|Raffarty|Wilcox
80|43880407266|Rebe|Davies
81|58820014787|Loreen|Casey
82|95850203604|Imojean|Mills
83|01820083853|Norbert|Burns
87|69840447196|Kilian|Glover
88|94830056700|Rochette|Fitzpatrick
90|76840625655|Aaron|Nixon
91|43830062615|Pancho|Coley
94|43860412840|Wynny|Patton
95|79890434970|Allin|Todd
97|74860255832|Pebrook|Bernstein
100|59830681369|Delphinia|Adams
